{"p_value": 0.61725694664830077, "z_score": -0.29828440388698996, "std_dev": 0.36417356869835016, "mean": -0.10862729585058517}