{"p_value": 0.4928684407320395, "z_score": 0.017877120286701763, "std_dev": 0.79862901075608905, "mean": 0.01427718688973624}