{"p_value": 0.31499215570544592, "z_score": 0.48174893153820242, "std_dev": 1.084058088349197, "mean": 0.52224382578757189}