{"p_value": 0.37438225149104354, "z_score": 0.32026889172375039, "std_dev": 1.0622981099101094, "mean": 0.34022103834114553}