{"p_value": 0.50421735577580462, "z_score": -0.010571540136589822, "std_dev": 1.0598487917533712, "mean": -0.011204234040736992}