{"p_value": 0.27725380572787339, "z_score": 0.59101911789193706, "std_dev": 1.1000495212565324, "mean": 0.65015029769048349}