{"p_value": 0.58149047442795698, "z_score": -0.20570794619339255, "std_dev": 0.62178673342381574, "mean": -0.1279064719029116}