{"p_value": 0.70957240520082654, "z_score": -0.55213598420602927, "std_dev": 0.36078182304601775, "mean": -0.1992006269511585}