{"p_value": 0.59111269773481423, "z_score": -0.23040818114115949, "std_dev": 0.80259059876059224, "mean": -0.1849234400614222}