{"p_value": 0.67600501211686292, "z_score": -0.45655632736903529, "std_dev": 0.70577284936804896, "mean": -0.32222506006425577}