{"p_value": 0.309980500724786, "z_score": 0.49590561917421006, "std_dev": 1.3434871907254389, "mean": 0.66624284716931881}