{"p_value": 0.80227745565049546, "z_score": -0.84978417631021375, "std_dev": 0.6951638553665056, "mean": -0.59073924423325852}