{"p_value": 0.42227805011682673, "z_score": 0.1960690759941815, "std_dev": 0.35723839303421057, "mean": 0.070043401631863914}