{"p_value": 0.57360664388121263, "z_score": -0.18556396783263968, "std_dev": 1.0794321556790307, "mean": -0.20030371381394055}