{"p_value": 0.79168228897633997, "z_score": -0.81227226384405504, "std_dev": 0.33057165204468159, "mean": -0.26851418416900275}