{"p_value": 0.54906419621971359, "z_score": -0.12329738997746484, "std_dev": 1.0564725839361591, "mean": -0.13026031218207657}