{"p_value": 0.38163015344651186, "z_score": 0.30120220712227896, "std_dev": 1.166742022707737, "mean": 0.35142527238188248}