{"p_value": 0.57589863346103443, "z_score": -0.19141210998803676, "std_dev": 0.68195500316953939, "mean": -0.13053444607357984}