{"p_value": 0.63755079927814917, "z_score": -0.35191981092631625, "std_dev": 0.679591584499458, "mean": -0.23916174192416492}